timepoint,jstime,valence,arousal,video
50150,815950,4.137,5.036,7
50200,816000,4.137,5.034,7
50250,816050,4.137,5.032,7
50300,816100,4.137,5.031,7
50350,816150,4.137,5.027,7
50400,816200,4.137,5.025,7
50450,816250,4.136,5.024,7
50500,816300,4.134,5.017,7
50550,816350,4.127,5.009,7
50600,816400,4.121,5.001,7
50650,816450,4.117,4.997,7
50700,816500,4.116,4.992,7
50750,816550,4.114,4.986,7
50800,816600,4.112,4.981,7
50850,816650,4.111,4.981,7
50900,816700,4.111,4.981,7
50950,816750,4.111,4.981,7
51000,816800,4.111,4.98,7
51050,816850,4.111,4.979,7
51100,816900,4.111,4.979,7
51150,816950,4.111,4.979,7
51200,817000,4.111,4.979,7
51250,817050,4.111,4.979,7
51300,817100,4.111,4.979,7
51350,817150,4.111,4.979,7
51400,817200,4.111,4.979,7
51450,817250,4.111,4.979,7
51500,817300,4.111,4.979,7
51550,817350,4.111,4.979,7
51600,817400,4.111,4.979,7
51650,817450,4.111,4.979,7
51700,817500,4.111,4.979,7
51750,817550,4.111,4.979,7
51800,817600,4.111,4.979,7
51850,817650,4.111,4.979,7
51900,817700,4.111,4.979,7
51950,817750,4.111,4.979,7
52000,817800,4.111,4.979,7
52050,817850,4.107,4.979,7
52100,817900,4.104,4.979,7
52150,817950,4.104,4.979,7
52200,818000,4.104,4.979,7
52250,818050,4.104,4.979,7
52300,818100,4.104,4.979,7
52350,818150,4.104,4.98,7
52400,818200,4.097,5.0,7
52450,818250,4.093,5.034,7
52500,818300,4.089,5.077,7
52550,818350,4.086,5.133,7
52600,818400,4.079,5.186,7
52650,818450,4.072,5.219,7
52700,818500,4.07,5.24,7
52750,818550,4.07,5.257,7
52800,818600,4.07,5.273,7
52850,818650,4.07,5.289,7
52900,818700,4.07,5.309,7
52950,818750,4.07,5.338,7
53000,818800,4.07,5.371,7
53050,818850,4.07,5.406,7
53100,818900,4.071,5.426,7
53150,818950,4.077,5.437,7
53200,819000,4.082,5.44,7
53250,819050,4.085,5.44,7
53300,819100,4.091,5.44,7
53350,819150,4.097,5.44,7
53400,819200,4.105,5.44,7
53450,819250,4.111,5.44,7
53500,819300,4.127,5.44,7
53550,819350,4.159,5.452,7
53600,819400,4.193,5.467,7
53650,819450,4.21,5.475,7
53700,819500,4.218,5.483,7
53750,819550,4.22,5.491,7
53800,819600,4.22,5.5,7
53850,819650,4.22,5.517,7
53900,819700,4.22,5.535,7
53950,819750,4.22,5.547,7
54000,819800,4.22,5.558,7
54050,819850,4.22,5.571,7
54100,819900,4.22,5.577,7
54150,819950,4.216,5.581,7
54200,820000,4.196,5.588,7
54250,820050,4.16,5.6,7
54300,820100,4.098,5.611,7
54350,820150,4.024,5.628,7
54400,820200,3.959,5.646,7
54450,820250,3.935,5.651,7
54500,820300,3.932,5.651,7
54550,820350,3.93,5.651,7
54600,820400,3.926,5.651,7
54650,820450,3.922,5.651,7
54700,820500,3.918,5.651,7
54750,820550,3.906,5.651,7
54800,820600,3.867,5.647,7
54850,820650,3.742,5.626,7
54900,820700,3.553,5.6,7
54950,820750,3.44,5.593,7
55000,820800,3.417,5.593,7
55050,820850,3.417,5.593,7
55100,820900,3.417,5.593,7
55150,820950,3.417,5.593,7
55200,821000,3.417,5.593,7
55250,821050,3.417,5.593,7
55300,821100,3.439,5.593,7
55350,821150,3.495,5.593,7
55400,821200,3.555,5.593,7
55450,821250,3.582,5.593,7
55500,821300,3.592,5.593,7
55550,821350,3.592,5.598,7
55600,821400,3.592,5.606,7
55650,821450,3.592,5.62,7
55700,821500,3.592,5.637,7
55750,821550,3.592,5.651,7
55800,821600,3.592,5.661,7
55850,821650,3.592,5.666,7
55900,821700,3.592,5.67,7
55950,821750,3.592,5.671,7
56000,821800,3.593,5.674,7
56050,821850,3.596,5.677,7
56100,821900,3.6,5.682,7
56150,821950,3.601,5.692,7
56200,822000,3.602,5.703,7
56250,822050,3.602,5.72,7
56300,822100,3.604,5.737,7
56350,822150,3.605,5.748,7
56400,822200,3.607,5.754,7
56450,822250,3.607,5.758,7
56500,822300,3.609,5.761,7
56550,822350,3.611,5.766,7
56600,822400,3.613,5.767,7
56650,822450,3.614,5.767,7
56700,822500,3.615,5.767,7
56750,822550,3.615,5.767,7
56800,822600,3.615,5.767,7
56850,822650,3.615,5.767,7
56900,822700,3.615,5.767,7
56950,822750,3.615,5.767,7
57000,822800,3.615,5.767,7
57050,822850,3.616,5.767,7
57100,822900,3.617,5.767,7
57150,822950,3.617,5.767,7
57200,823000,3.617,5.767,7
57250,823050,3.617,5.767,7
57300,823100,3.617,5.767,7
57350,823150,3.618,5.767,7
57400,823200,3.621,5.767,7
57450,823250,3.625,5.767,7
57500,823300,3.626,5.767,7
57550,823350,3.626,5.767,7
57600,823400,3.626,5.767,7
57650,823450,3.626,5.763,7
57700,823500,3.626,5.756,7
57750,823550,3.626,5.749,7
57800,823600,3.626,5.739,7
57850,823650,3.626,5.731,7
57900,823700,3.626,5.715,7
57950,823750,3.626,5.694,7
58000,823800,3.626,5.678,7
58050,823850,3.626,5.67,7
58100,823900,3.626,5.668,7
58150,823950,3.626,5.658,7
58200,824000,3.534,5.198,7
58250,824050,3.614,4.239,7
58300,824100,4.369,4.794,7
58350,824150,3.824,4.92,7
58400,824200,3.37,5.005,7
58450,824250,3.442,5.318,7
58500,824300,3.325,5.579,7
58550,824350,3.038,5.82,7
58600,824400,2.84,6.07,7
58650,824450,2.796,6.191,7
58700,824500,2.569,6.211,7
58750,824550,2.083,6.317,7
58800,824600,1.471,6.593,7
58850,824650,1.164,6.881,7
58900,824700,0.889,7.109,7
58950,824750,0.586,7.369,7
59000,824800,0.5,7.94,7
59050,824850,0.5,8.573,7
59100,824900,0.5,8.94,7
59150,824950,0.5,8.959,7
59200,825000,0.5,8.817,7
59250,825050,0.5,8.625,7
59300,825100,0.5,8.431,7
59350,825150,0.5,8.241,7
59400,825200,0.5,8.128,7
59450,825250,0.5,8.104,7
59500,825300,0.5,8.16,7
59550,825350,0.5,8.299,7
59600,825400,0.5,8.639,7
59650,825450,0.5,9.114,7
59700,825500,0.5,9.43,7
59750,825550,0.5,9.5,7
59800,825600,0.5,9.5,7
59850,825650,0.5,9.5,7
59900,825700,0.5,9.5,7
59950,825750,0.5,9.5,7
60000,825800,0.5,9.5,7
60050,825850,0.5,9.5,7
60100,825900,0.5,9.5,7
60150,825950,0.5,9.5,7
60200,826000,0.5,9.5,7
60250,826050,0.5,9.5,7
60300,826100,0.5,9.5,7
60350,826150,0.5,9.5,7
60400,826200,0.5,9.5,7
60450,826250,0.5,9.5,7
60500,826300,0.5,9.5,7
60550,826350,0.5,9.5,7
60600,826400,0.5,9.5,7
60650,826450,0.5,9.5,7
60700,826500,0.5,9.5,7
60750,826550,0.5,9.5,7
60800,826600,0.5,9.5,7
60850,826650,0.5,9.5,7
60900,826700,0.5,9.5,7
60950,826750,0.5,9.5,7
61000,826800,0.5,9.5,7
61050,826850,0.5,9.5,7
61100,826900,0.5,9.5,7
61150,826950,0.5,9.5,7
61200,827000,0.5,9.5,7
61250,827050,0.5,9.5,7
61300,827100,0.5,9.5,7
61350,827150,0.5,9.5,7
61400,827200,0.5,9.5,7
61450,827250,0.5,9.5,7
61500,827300,0.5,9.5,7
61550,827350,0.5,9.5,7
61600,827400,0.5,9.5,7
61650,827450,0.5,9.5,7
61700,827500,0.5,9.5,7
61750,827550,0.5,9.5,7
61800,827600,0.5,9.5,7
61850,827650,0.5,9.5,7
61900,827700,0.5,9.5,7
61950,827750,0.5,9.5,7
62000,827800,0.5,9.5,7
62050,827850,0.5,9.5,7
62100,827900,0.5,9.5,7
62150,827950,0.5,9.5,7
62200,828000,0.5,9.5,7
62250,828050,0.5,9.5,7
62300,828100,0.5,9.5,7
62350,828150,0.5,9.5,7
62400,828200,0.5,9.5,7
62450,828250,0.5,9.5,7
62500,828300,0.5,9.5,7
62550,828350,0.5,9.5,7
62600,828400,0.5,9.5,7
62650,828450,0.5,9.5,7
62700,828500,0.5,9.5,7
62750,828550,0.5,9.5,7
62800,828600,0.5,9.5,7
62850,828650,0.5,9.465,7
62900,828700,0.5,9.403,7
62950,828750,0.5,9.365,7
63000,828800,0.5,9.376,7
63050,828850,0.5,9.465,7
63100,828900,0.5,9.5,7
63150,828950,0.5,9.5,7
63200,829000,0.5,9.5,7
63250,829050,0.5,9.5,7
63300,829100,0.5,9.5,7
63350,829150,0.5,9.5,7
63400,829200,0.5,9.5,7
63450,829250,0.5,9.5,7
63500,829300,0.5,9.5,7
63550,829350,0.5,9.5,7
63600,829400,0.5,9.5,7
63650,829450,0.5,9.5,7
63700,829500,0.5,9.5,7
63750,829550,0.5,9.5,7
63800,829600,0.5,9.5,7
63850,829650,0.5,9.5,7
63900,829700,0.5,9.5,7
63950,829750,0.5,9.5,7
64000,829800,0.5,9.5,7
64050,829850,0.5,9.5,7
64100,829900,0.5,9.5,7
64150,829950,0.5,9.5,7
64200,830000,0.5,9.5,7
64250,830050,0.5,9.5,7
64300,830100,0.5,9.5,7
64350,830150,0.5,9.5,7
64400,830200,0.5,9.5,7
64450,830250,0.5,9.5,7
64500,830300,0.5,9.5,7
64550,830350,0.5,9.5,7
64600,830400,0.5,9.5,7
64650,830450,0.5,9.5,7
64700,830500,0.5,9.5,7
64750,830550,0.5,9.5,7
64800,830600,0.5,9.5,7
64850,830650,0.5,9.5,7
64900,830700,0.5,9.5,7
64950,830750,0.5,9.5,7
65000,830800,0.5,9.5,7
65050,830850,0.5,9.5,7
65100,830900,0.5,9.5,7
65150,830950,0.5,9.5,7
65200,831000,0.5,9.5,7
65250,831050,0.5,9.5,7
65300,831100,0.5,9.5,7
65350,831150,0.5,9.5,7
65400,831200,0.5,9.5,7
65450,831250,0.5,9.5,7
65500,831300,0.5,9.5,7
65550,831350,0.5,9.5,7
65600,831400,0.5,9.5,7
65650,831450,0.5,9.5,7
65700,831500,0.5,9.5,7
65750,831550,0.5,9.5,7
65800,831600,0.5,9.5,7
65850,831650,0.5,9.5,7
65900,831700,0.5,9.5,7
65950,831750,0.5,9.5,7
66000,831800,0.5,9.5,7
66050,831850,0.5,9.5,7
66100,831900,0.5,9.5,7
66150,831950,0.5,9.5,7
66200,832000,0.5,9.5,7
66250,832050,0.5,9.5,7
66300,832100,0.5,9.5,7
66350,832150,0.5,9.5,7
66400,832200,0.5,9.5,7
66450,832250,0.5,9.5,7
66500,832300,0.5,9.5,7
66550,832350,0.5,9.5,7
66600,832400,0.5,9.5,7
66650,832450,0.5,9.5,7
66700,832500,0.5,9.5,7
66750,832550,0.5,9.5,7
66800,832600,0.5,9.5,7
66850,832650,0.5,9.5,7
66900,832700,0.5,9.5,7
66950,832750,0.5,9.5,7
67000,832800,0.5,9.5,7
67050,832850,0.5,9.5,7
67100,832900,0.5,9.5,7
67150,832950,0.5,9.5,7
67200,833000,0.5,9.5,7
67250,833050,0.5,9.5,7
67300,833100,0.5,9.5,7
67350,833150,0.5,9.5,7
67400,833200,0.5,9.5,7
67450,833250,0.5,9.5,7
67500,833300,0.5,9.5,7
67550,833350,0.5,9.5,7
67600,833400,0.5,9.5,7
67650,833450,0.5,9.5,7
67700,833500,0.5,9.5,7
67750,833550,0.5,9.5,7
67800,833600,0.5,9.5,7
67850,833650,0.5,9.5,7
67900,833700,0.5,9.5,7
67950,833750,0.5,9.5,7
68000,833800,0.5,9.5,7
68050,833850,0.5,9.5,7
68100,833900,0.5,9.5,7
68150,833950,0.5,9.5,7
68200,834000,0.5,9.5,7
68250,834050,0.5,9.5,7
68300,834100,0.5,9.5,7
68350,834150,0.5,9.5,7
68400,834200,0.5,9.5,7
68450,834250,0.5,9.5,7
68500,834300,0.5,9.5,7
68550,834350,0.5,9.5,7
68600,834400,0.5,9.5,7
68650,834450,0.5,9.5,7
68700,834500,0.5,9.5,7
68750,834550,0.5,9.5,7
68800,834600,0.5,9.5,7
68850,834650,0.5,9.5,7
68900,834700,0.5,9.5,7
68950,834750,0.5,9.5,7
69000,834800,0.5,9.5,7
69050,834850,0.5,9.5,7
69100,834900,0.5,9.5,7
69150,834950,0.5,9.5,7
69200,835000,0.5,9.5,7
69250,835050,0.5,9.5,7
69300,835100,0.5,9.5,7
69350,835150,0.5,9.5,7
69400,835200,0.5,9.5,7
69450,835250,0.5,9.5,7
69500,835300,0.5,9.5,7
69550,835350,0.5,9.5,7
69600,835400,0.5,9.5,7
69650,835450,0.5,9.5,7
69700,835500,0.5,9.5,7
69750,835550,0.5,9.5,7
69800,835600,0.5,9.5,7
69850,835650,0.5,9.5,7
69900,835700,0.5,9.5,7
69950,835750,0.5,9.5,7
70000,835800,0.5,9.5,7
70050,835850,0.5,9.5,7
70100,835900,0.5,9.5,7
70150,835950,0.5,9.5,7
70200,836000,0.5,9.5,7
70250,836050,0.5,9.5,7
70300,836100,0.5,9.5,7
70350,836150,0.5,9.5,7
70400,836200,0.5,9.5,7
70450,836250,0.5,9.5,7
70500,836300,0.5,9.5,7
70550,836350,0.5,9.5,7
70600,836400,0.5,9.5,7
70650,836450,0.5,9.5,7
70700,836500,0.5,9.5,7
70750,836550,0.5,9.5,7
70800,836600,0.5,9.5,7
70850,836650,0.5,9.5,7
70900,836700,0.5,9.5,7
70950,836750,0.5,9.5,7
71000,836800,0.5,9.5,7
71050,836850,0.5,9.5,7
71100,836900,0.5,9.5,7
71150,836950,0.5,9.5,7
71200,837000,0.5,9.5,7
71250,837050,0.5,9.5,7
71300,837100,0.5,9.5,7
71350,837150,0.5,9.5,7
71400,837200,0.5,9.5,7
71450,837250,0.5,9.5,7
71500,837300,0.5,9.5,7
71550,837350,0.5,9.5,7
71600,837400,0.5,9.5,7
71650,837450,0.5,9.5,7
71700,837500,0.5,9.5,7
71750,837550,0.5,9.5,7
71800,837600,0.5,9.5,7
71850,837650,0.5,9.5,7
71900,837700,0.5,9.5,7
71950,837750,0.5,9.5,7
72000,837800,0.5,9.5,7
72050,837850,0.5,9.5,7
72100,837900,0.5,9.5,7
72150,837950,0.5,9.5,7
72200,838000,0.5,9.5,7
72250,838050,0.5,9.5,7
72300,838100,0.5,9.5,7
72350,838150,0.5,9.5,7
72400,838200,0.5,9.5,7
72450,838250,0.5,9.5,7
72500,838300,0.5,9.5,7
72550,838350,0.5,9.5,7
72600,838400,0.5,9.5,7
72650,838450,0.5,9.5,7
72700,838500,0.5,9.5,7
72750,838550,0.5,9.5,7
72800,838600,0.5,9.5,7
72850,838650,0.5,9.5,7
72900,838700,0.5,9.5,7
72950,838750,0.5,9.5,7
73000,838800,0.5,9.5,7
73050,838850,0.5,9.5,7
73100,838900,0.5,9.5,7
73150,838950,0.5,9.5,7
73200,839000,0.5,9.5,7
73250,839050,0.5,9.5,7
73300,839100,0.5,9.5,7
73350,839150,0.5,9.5,7
73400,839200,0.5,9.5,7
73450,839250,0.5,9.5,7
73500,839300,0.5,9.5,7
73550,839350,0.5,9.5,7
73600,839400,0.5,9.5,7
73650,839450,0.5,9.5,7
73700,839500,0.5,9.5,7
73750,839550,0.5,9.5,7
73800,839600,0.5,9.5,7
73850,839650,0.5,9.5,7
73900,839700,0.5,9.5,7
73950,839750,0.5,9.5,7
74000,839800,0.5,9.5,7
74050,839850,0.5,9.5,7
74100,839900,0.5,9.5,7
74150,839950,0.5,9.5,7
74200,840000,0.5,9.5,7
74250,840050,0.5,9.5,7
74300,840100,0.5,9.5,7
74350,840150,0.5,9.5,7
74400,840200,0.5,9.5,7
74450,840250,0.5,9.5,7
74500,840300,0.5,9.5,7
74550,840350,0.5,9.496,7
74600,840400,0.5,9.459,7
74650,840450,0.5,9.444,7
74700,840500,0.5,9.444,7
74750,840550,0.5,9.444,7
74800,840600,0.5,9.444,7
74850,840650,0.5,9.444,7
74900,840700,0.5,9.444,7
74950,840750,0.5,9.444,7
75000,840800,0.5,9.444,7
75050,840850,0.5,9.444,7
75100,840900,0.5,9.444,7
75150,840950,0.5,9.444,7
75200,841000,0.5,9.444,7
75250,841050,0.5,9.444,7
75300,841100,0.5,9.444,7
75350,841150,0.5,9.444,7
75400,841200,0.5,9.444,7
75450,841250,0.5,9.444,7
75500,841300,0.5,9.444,7
75550,841350,0.5,9.444,7
75600,841400,0.5,9.444,7
75650,841450,0.5,9.444,7
75700,841500,0.5,9.444,7
75750,841550,0.5,9.444,7
75800,841600,0.5,9.444,7
75850,841650,0.5,9.444,7
75900,841700,0.5,9.444,7
75950,841750,0.5,9.444,7
76000,841800,0.5,9.444,7
76050,841850,0.5,9.444,7
76100,841900,0.5,9.444,7
76150,841950,0.5,9.444,7
76200,842000,0.5,9.444,7
76250,842050,0.5,9.444,7
76300,842100,0.5,9.407,7
76350,842150,0.5,9.311,7
76400,842200,0.5,9.224,7
76450,842250,0.5,9.201,7
76500,842300,0.5,9.231,7
76550,842350,0.5,9.35,7
76600,842400,0.5,9.468,7
76650,842450,0.5,9.5,7
76700,842500,0.5,9.5,7
76750,842550,0.5,9.5,7
76800,842600,0.5,9.5,7
76850,842650,0.5,9.5,7
76900,842700,0.5,9.5,7
76950,842750,0.5,9.5,7
77000,842800,0.5,9.5,7
77050,842850,0.5,9.5,7
77100,842900,0.5,9.5,7
77150,842950,0.5,9.5,7
77200,843000,0.5,9.5,7
77250,843050,0.5,9.5,7
77300,843100,0.5,9.5,7
77350,843150,0.5,9.5,7
77400,843200,0.5,9.499,7
77450,843250,0.5,9.493,7
77500,843300,0.5,9.488,7
77550,843350,0.5,9.485,7
77600,843400,0.5,9.485,7
77650,843450,0.5,9.485,7
77700,843500,0.5,9.485,7
77750,843550,0.5,9.485,7
77800,843600,0.5,9.485,7
77850,843650,0.5,9.485,7
77900,843700,0.5,9.483,7
77950,843750,0.5,9.478,7
78000,843800,0.5,9.462,7
78050,843850,0.5,9.432,7
78100,843900,0.5,9.407,7
78150,843950,0.5,9.4,7
78200,844000,0.5,9.4,7
78250,844050,0.5,9.431,7
78300,844100,0.5,9.483,7
78350,844150,0.5,9.5,7
78400,844200,0.5,9.5,7
78450,844250,0.5,9.5,7
78500,844300,0.5,9.5,7
78550,844350,0.5,9.5,7
78600,844400,0.5,9.5,7
78650,844450,0.5,9.5,7
78700,844500,0.5,9.5,7
78750,844550,0.5,9.5,7
78800,844600,0.5,9.5,7
78850,844650,0.5,9.5,7
78900,844700,0.5,9.429,7
78950,844750,0.5,9.332,7
79000,844800,0.5,9.289,7
79050,844850,0.5,9.283,7
79100,844900,0.5,9.283,7
79150,844950,0.5,9.283,7
79200,845000,0.5,9.283,7
79250,845050,0.5,9.263,7
79300,845100,0.5,9.228,7
79350,845150,0.5,9.216,7
79400,845200,0.5,9.216,7
79450,845250,0.5,9.216,7
79500,845300,0.5,9.216,7
79550,845350,0.5,9.216,7
79600,845400,0.5,9.216,7
79650,845450,0.5,9.216,7
79700,845500,0.5,9.216,7
79750,845550,0.5,9.216,7
79800,845600,0.5,9.216,7
79850,845650,0.5,9.216,7
79900,845700,0.5,9.216,7
79950,845750,0.5,9.216,7
80000,845800,0.5,9.226,7
80050,845850,0.5,9.242,7
80100,845900,0.5,9.257,7
80150,845950,0.5,9.271,7
80200,846000,0.5,9.31,7
80250,846050,0.5,9.362,7
80300,846100,0.5,9.378,7
80350,846150,0.5,9.378,7
80400,846200,0.5,9.378,7
80450,846250,0.5,9.378,7
80500,846300,0.5,9.378,7
80550,846350,0.5,9.378,7
80600,846400,0.5,9.378,7
80650,846450,0.5,9.378,7
80700,846500,0.5,9.373,7
80750,846550,0.5,9.371,7
80800,846600,0.5,9.371,7
80850,846650,0.5,9.371,7
80900,846700,0.5,9.371,7
80950,846750,0.5,9.371,7
81000,846800,0.5,9.371,7
81050,846850,0.5,9.371,7
81100,846900,0.5,9.371,7
81150,846950,0.5,9.371,7
81200,847000,0.5,9.371,7
81250,847050,0.5,9.371,7
81300,847100,0.5,9.371,7
81350,847150,0.5,9.371,7
81400,847200,0.5,9.371,7
81450,847250,0.5,9.371,7
81500,847300,0.5,9.371,7
81550,847350,0.5,9.371,7
81600,847400,0.5,9.371,7
81650,847450,0.5,9.371,7
81700,847500,0.5,9.371,7
81750,847550,0.5,9.371,7
81800,847600,0.5,9.371,7
81850,847650,0.5,9.371,7
81900,847700,0.5,9.371,7
81950,847750,0.5,9.371,7
82000,847800,0.5,9.371,7
82050,847850,0.5,9.371,7
82100,847900,0.5,9.371,7
82150,847950,0.5,9.371,7
82200,848000,0.5,9.371,7
82250,848050,0.5,9.371,7
82300,848100,0.5,9.371,7
82350,848150,0.5,9.371,7
82400,848200,0.5,9.371,7
82450,848250,0.5,9.371,7
82500,848300,0.5,9.371,7
82550,848350,0.5,9.374,7
82600,848400,0.5,9.378,7
82650,848450,0.5,9.384,7
82700,848500,0.5,9.392,7
82750,848550,0.5,9.394,7
82800,848600,0.5,9.394,7
82850,848650,0.5,9.394,7
82900,848700,0.5,9.394,7
82950,848750,0.5,9.394,7
83000,848800,0.5,9.394,7
83050,848850,0.5,9.395,7
83100,848900,0.5,9.395,7
83150,848950,0.5,9.396,7
83200,849000,0.5,9.399,7
83250,849050,0.5,9.403,7
83300,849100,0.5,9.407,7
83350,849150,0.5,9.413,7
83400,849200,0.5,9.415,7
83450,849250,0.5,9.415,7
83500,849300,0.5,9.415,7
83550,849350,0.5,9.416,7
83600,849400,0.5,9.417,7
83650,849450,0.5,9.421,7
83700,849500,0.5,9.423,7
83750,849550,0.5,9.423,7
83800,849600,0.5,9.424,7
83850,849650,0.5,9.424,7
83900,849700,0.5,9.425,7
83950,849750,0.5,9.425,7
84000,849800,0.5,9.428,7
84050,849850,0.5,9.43,7
84100,849900,0.5,9.431,7
84150,849950,0.5,9.432,7
84200,850000,0.5,9.435,7
84250,850050,0.5,9.436,7
84300,850100,0.5,9.436,7
84350,850150,0.5,9.439,7
84400,850200,0.5,9.441,7
84450,850250,0.5,9.445,7
84500,850300,0.5,9.452,7
84550,850350,0.5,9.458,7
84600,850400,0.5,9.465,7
84650,850450,0.5,9.469,7
84700,850500,0.5,9.47,7
84750,850550,0.5,9.471,7
84800,850600,0.5,9.472,7
84850,850650,0.5,9.477,7
84900,850700,0.5,9.482,7
84950,850750,0.5,9.483,7
85000,850800,0.5,9.483,7
85050,850850,0.5,9.485,7
85100,850900,0.5,9.487,7
85150,850950,0.5,9.491,7
85200,851000,0.5,9.495,7
85250,851050,0.5,9.498,7
85300,851100,0.5,9.5,7
85350,851150,0.5,9.5,7
85400,851200,0.5,9.5,7
85450,851250,0.5,9.5,7
85500,851300,0.5,9.5,7
85550,851350,0.5,9.5,7
85600,851400,0.5,9.5,7
85650,851450,0.5,9.5,7
85700,851500,0.5,9.5,7
85750,851550,0.5,9.5,7
85800,851600,0.5,9.5,7
85850,851650,0.5,9.5,7
85900,851700,0.5,9.5,7
85950,851750,0.5,9.5,7
86000,851800,0.5,9.5,7
86050,851850,0.5,9.5,7
86100,851900,0.5,9.5,7
86150,851950,0.5,9.5,7
86200,852000,0.5,9.5,7
86250,852050,0.5,9.5,7
86300,852100,0.5,9.5,7
86350,852150,0.5,9.5,7
86400,852200,0.5,9.5,7
86450,852250,0.5,9.5,7
86500,852300,0.5,9.5,7
86550,852350,0.5,9.5,7
86600,852400,0.5,9.5,7
86650,852450,0.5,9.5,7
86700,852500,0.5,9.5,7
86750,852550,0.5,9.5,7
86800,852600,0.5,9.5,7
86850,852650,0.5,9.5,7
86900,852700,0.5,9.5,7
86950,852750,0.5,9.5,7
87000,852800,0.5,9.5,7
87050,852850,0.5,9.5,7
87100,852900,0.5,9.5,7
87150,852950,0.5,9.5,7
87200,853000,0.5,9.5,7
87250,853050,0.5,9.5,7
87300,853100,0.5,9.5,7
87350,853150,0.5,9.5,7
87400,853200,0.5,9.5,7
87450,853250,0.5,9.5,7
87500,853300,0.5,9.5,7
87550,853350,0.5,9.5,7
87600,853400,0.5,9.5,7
87650,853450,0.5,9.5,7
87700,853500,0.5,9.5,7
87750,853550,0.5,9.5,7
87800,853600,0.5,9.5,7
87850,853650,0.5,9.5,7
87900,853700,0.5,9.5,7
87950,853750,0.5,9.5,7
88000,853800,0.5,9.5,7
88050,853850,0.5,9.5,7
88100,853900,0.5,9.5,7
88150,853950,0.5,9.5,7
88200,854000,0.5,9.5,7
88250,854050,0.5,9.5,7
88300,854100,0.5,9.5,7
88350,854150,0.5,9.5,7
88400,854200,0.5,9.5,7
88450,854250,0.5,9.5,7
88500,854300,0.5,9.5,7
88550,854350,0.5,9.421,7
88600,854400,0.5,9.216,7
88650,854450,0.5,8.955,7
88700,854500,0.5,8.672,7
88750,854550,0.5,8.38,7
88800,854600,0.5,8.127,7
88850,854650,0.5,7.997,7
88900,854700,0.5,7.971,7
88950,854750,0.5,7.971,7
89000,854800,0.5,7.965,7
89050,854850,0.5,7.959,7
89100,854900,0.5,7.953,7
89150,854950,0.5,7.939,7
89200,855000,0.5,7.896,7
89250,855050,0.5,7.845,7
89300,855100,0.5,7.802,7
89350,855150,0.5,7.771,7
89400,855200,0.5,7.756,7
89450,855250,0.5,7.753,7
89500,855300,0.5,7.752,7
89550,855350,0.5,7.752,7
89600,855400,0.5,7.752,7
89650,855450,0.5,7.752,7
89700,855500,0.5,7.75,7
89750,855550,0.5,7.74,7
89800,855600,0.594,7.667,7
89850,855650,0.82,7.528,7
89900,855700,1.123,7.375,7
89950,855750,1.443,7.235,7
90000,855800,1.702,7.124,7
90050,855850,1.791,7.085,7
90100,855900,1.799,7.081,7
90150,855950,1.799,7.081,7
90200,856000,1.799,7.081,7
90250,856050,1.799,7.081,7
90300,856100,1.799,7.081,7
90350,856150,1.799,7.079,7
90400,856200,1.799,7.06,7
90450,856250,1.799,7.05,7
90500,856300,1.799,7.048,7
90550,856350,1.799,7.044,7
90600,856400,1.799,7.041,7
90650,856450,1.799,7.041,7
90700,856500,1.799,7.041,7
90750,856550,1.799,7.041,7
90800,856600,1.799,7.041,7
90850,856650,1.799,7.041,7
90900,856700,1.799,7.041,7
90950,856750,1.799,7.041,7
91000,856800,1.799,7.041,7
91050,856850,1.799,7.041,7
91100,856900,1.799,7.041,7
91150,856950,1.799,7.041,7
91200,857000,1.799,7.041,7
91250,857050,1.799,7.041,7
91300,857100,1.799,7.037,7
91350,857150,1.799,7.031,7
91400,857200,1.799,7.025,7
91450,857250,1.799,7.014,7
91500,857300,1.799,6.988,7
91550,857350,1.799,6.965,7
91600,857400,1.799,6.951,7
91650,857450,1.799,6.947,7
91700,857500,1.799,6.947,7
91750,857550,1.799,6.947,7
91800,857600,1.799,6.946,7
91850,857650,1.799,6.937,7
91900,857700,1.799,6.924,7
91950,857750,1.799,6.902,7
92000,857800,1.799,6.874,7
92050,857850,1.799,6.858,7
92100,857900,1.824,6.843,7
92150,857950,1.876,6.803,7
92200,858000,1.948,6.761,7
92250,858050,2.038,6.725,7
92300,858100,2.133,6.693,7
92350,858150,2.213,6.651,7
92400,858200,2.263,6.622,7
92450,858250,2.296,6.606,7
92500,858300,2.319,6.591,7
92550,858350,2.347,6.582,7
92600,858400,2.399,6.561,7
92650,858450,2.518,6.518,7
92700,858500,2.713,6.469,7
92750,858550,2.92,6.416,7
92800,858600,3.022,6.377,7
92850,858650,3.04,6.367,7
92900,858700,3.042,6.367,7
92950,858750,3.046,6.367,7
93000,858800,3.054,6.367,7
93050,858850,3.07,6.367,7
93100,858900,3.085,6.362,7
93150,858950,3.095,6.352,7
93200,859000,3.102,6.346,7
93250,859050,3.104,6.34,7
93300,859100,3.104,6.338,7
93350,859150,3.104,6.338,7
93400,859200,3.105,6.336,7
93450,859250,3.107,6.336,7
93500,859300,3.112,6.336,7
93550,859350,3.121,6.335,7
93600,859400,3.128,6.335,7
93650,859450,3.134,6.334,7
93700,859500,3.137,6.334,7
93750,859550,3.138,6.333,7
93800,859600,3.138,6.333,7
93850,859650,3.138,6.333,7
93900,859700,3.138,6.333,7
93950,859750,3.138,6.333,7
94000,859800,3.138,6.333,7
94050,859850,3.138,6.333,7
94100,859900,3.138,6.333,7
94150,859950,3.138,6.333,7
94200,860000,3.138,6.333,7
94250,860050,3.138,6.333,7
94300,860100,3.138,6.333,7
94350,860150,3.138,6.333,7
94400,860200,3.138,6.333,7
94450,860250,3.138,6.333,7
94500,860300,3.138,6.333,7
94550,860350,3.138,6.333,7
94600,860400,3.138,6.333,7
94650,860450,3.138,6.333,7
94700,860500,3.138,6.333,7
94750,860550,3.138,6.333,7
94800,860600,3.138,6.333,7
94850,860650,3.138,6.333,7
94900,860700,3.133,6.333,7
94950,860750,3.13,6.333,7
95000,860800,3.123,6.333,7
95050,860850,3.114,6.333,7
95100,860900,3.103,6.336,7
95150,860950,3.086,6.342,7
95200,861000,3.045,6.353,7
95250,861050,2.99,6.359,7
95300,861100,2.949,6.361,7
95350,861150,2.934,6.362,7
95400,861200,2.932,6.362,7
95450,861250,2.932,6.362,7
95500,861300,2.931,6.362,7
95550,861350,2.927,6.362,7
95600,861400,2.922,6.362,7
95650,861450,2.915,6.361,7
95700,861500,2.877,6.356,7
95750,861550,2.859,6.355,7
95800,861600,2.845,6.355,7
95850,861650,2.839,6.355,7
95900,861700,2.838,6.355,7
95950,861750,2.838,6.355,7
96000,861800,2.838,6.355,7
96050,861850,2.838,6.355,7
96100,861900,2.838,6.355,7
96150,861950,2.838,6.355,7
96200,862000,2.838,6.355,7
96250,862050,2.838,6.355,7
96300,862100,2.838,6.355,7
96350,862150,2.838,6.355,7
96400,862200,2.838,6.355,7
96450,862250,2.838,6.355,7
96500,862300,2.838,6.355,7
96550,862350,2.838,6.355,7
96600,862400,2.838,6.355,7
96650,862450,2.838,6.355,7
96700,862500,2.838,6.355,7
96750,862550,2.838,6.355,7
96800,862600,2.838,6.355,7
96850,862650,2.838,6.355,7
96900,862700,2.838,6.355,7
96950,862750,2.838,6.355,7
97000,862800,2.838,6.355,7
97050,862850,2.838,6.355,7
97100,862900,2.838,6.355,7
97150,862950,2.838,6.355,7
97200,863000,2.838,6.355,7
97250,863050,2.838,6.355,7
97300,863100,2.838,6.355,7
97350,863150,2.838,6.355,7
97400,863200,2.838,6.355,7
97450,863250,2.838,6.355,7
97500,863300,2.838,6.355,7
97550,863350,2.838,6.355,7
97600,863400,2.838,6.355,7
97650,863450,2.838,6.355,7
97700,863500,2.838,6.355,7
97750,863550,2.838,6.355,7
97800,863600,2.838,6.355,7
97850,863650,2.838,6.355,7
97900,863700,2.838,6.355,7
97950,863750,2.838,6.355,7
98000,863800,2.838,6.355,7
98050,863850,2.838,6.355,7
98100,863900,2.838,6.355,7
98150,863950,2.838,6.355,7
98200,864000,2.838,6.355,7
98250,864050,2.838,6.355,7
98300,864100,2.838,6.355,7
98350,864150,2.838,6.355,7
98400,864200,2.838,6.355,7
98450,864250,2.838,6.355,7
98500,864300,2.838,6.355,7
98550,864350,2.838,6.355,7
98600,864400,2.838,6.355,7
98650,864450,2.838,6.355,7
98700,864500,2.838,6.355,7
98750,864550,2.838,6.355,7
98800,864600,2.838,6.355,7
98850,864650,2.838,6.355,7
98900,864700,2.838,6.355,7
98950,864750,2.838,6.355,7
99000,864800,2.838,6.355,7
99050,864850,2.838,6.355,7
99100,864900,2.838,6.355,7
99150,864950,2.838,6.355,7
99200,865000,2.838,6.355,7
99250,865050,2.838,6.355,7
99300,865100,2.838,6.355,7
99350,865150,2.838,6.355,7
99400,865200,2.838,6.355,7
99450,865250,2.838,6.355,7
99500,865300,2.838,6.355,7
99550,865350,2.838,6.355,7
99600,865400,2.838,6.355,7
99650,865450,2.838,6.355,7
99700,865500,2.838,6.355,7
99750,865550,2.838,6.355,7
99800,865600,2.838,6.355,7
99850,865650,2.838,6.355,7
99900,865700,2.838,6.355,7
99950,865750,2.838,6.355,7
100000,865800,2.838,6.355,7
100050,865850,2.838,6.355,7
100100,865900,2.838,6.355,7
100150,865950,2.838,6.355,7
100200,866000,2.838,6.355,7
100250,866050,2.838,6.355,7
100300,866100,2.834,6.355,7
100350,866150,2.822,6.355,7
100400,866200,2.755,6.355,7
100450,866250,2.526,6.373,7
100500,866300,2.191,6.484,7
100550,866350,1.955,6.617,7
100600,866400,1.771,6.746,7
100650,866450,1.529,6.884,7
100700,866500,1.209,7.053,7
100750,866550,0.985,7.172,7
100800,866600,0.931,7.202,7
100850,866650,0.931,7.202,7
100900,866700,0.931,7.202,7
100950,866750,0.931,7.202,7
101000,866800,0.932,7.179,7
101050,866850,0.934,7.145,7
101100,866900,0.935,7.125,7
101150,866950,0.936,7.114,7
101200,867000,0.936,7.111,7
101250,867050,0.936,7.111,7
101300,867100,0.936,7.108,7
101350,867150,0.937,7.107,7
101400,867200,0.937,7.107,7
101450,867250,0.937,7.107,7
101500,867300,0.934,7.158,7
101550,867350,0.928,7.256,7
101600,867400,0.923,7.329,7
101650,867450,0.922,7.353,7
101700,867500,0.924,7.356,7
101750,867550,0.925,7.356,7
101800,867600,0.925,7.356,7
101850,867650,0.925,7.356,7
101900,867700,0.926,7.356,7
101950,867750,0.927,7.356,7
102000,867800,0.929,7.356,7
102050,867850,0.931,7.356,7
102100,867900,0.935,7.356,7
102150,867950,0.937,7.356,7
102200,868000,0.938,7.361,7
102250,868050,0.936,7.383,7
102300,868100,0.935,7.404,7
102350,868150,0.935,7.411,7
102400,868200,0.941,7.413,7
102450,868250,0.944,7.414,7
102500,868300,0.944,7.414,7
102550,868350,0.945,7.414,7
102600,868400,0.944,7.428,7
102650,868450,0.942,7.472,7
102700,868500,0.939,7.53,7
102750,868550,0.936,7.572,7
102800,868600,0.934,7.601,7
102850,868650,0.933,7.627,7
102900,868700,0.931,7.65,7
102950,868750,0.93,7.676,7
103000,868800,0.929,7.694,7
103050,868850,0.928,7.698,7
103100,868900,0.928,7.698,7
103150,868950,0.928,7.698,7
103200,869000,0.928,7.698,7
103250,869050,0.928,7.698,7
103300,869100,0.928,7.698,7
103350,869150,0.928,7.698,7
103400,869200,0.928,7.698,7
103450,869250,0.928,7.698,7
103500,869300,0.928,7.698,7
103550,869350,0.928,7.698,7
103600,869400,0.928,7.698,7
103650,869450,0.928,7.698,7
103700,869500,0.928,7.698,7
103750,869550,0.928,7.698,7
103800,869600,0.928,7.698,7
103850,869650,0.928,7.698,7
103900,869700,0.928,7.698,7
103950,869750,0.928,7.698,7
104000,869800,0.929,7.693,7
104050,869850,0.93,7.679,7
104100,869900,0.931,7.658,7
104150,869950,0.925,7.635,7
104200,870000,0.919,7.614,7
104250,870050,0.914,7.603,7
104300,870100,0.909,7.601,7
104350,870150,0.908,7.601,7
104400,870200,0.908,7.601,7
104450,870250,0.908,7.601,7
104500,870300,0.905,7.601,7
104550,870350,0.903,7.601,7
104600,870400,0.904,7.599,7
104650,870450,0.904,7.597,7
104700,870500,0.904,7.597,7
104750,870550,0.904,7.597,7
104800,870600,0.904,7.597,7
104850,870650,0.904,7.597,7
104900,870700,0.904,7.597,7
104950,870750,0.904,7.596,7
105000,870800,0.905,7.582,7
105050,870850,0.895,7.557,7
105100,870900,0.879,7.53,7
105150,870950,0.862,7.512,7
105200,871000,0.853,7.508,7
105250,871050,0.851,7.502,7
105300,871100,0.844,7.495,7
105350,871150,0.825,7.485,7
105400,871200,0.803,7.457,7
105450,871250,0.793,7.438,7
105500,871300,0.786,7.415,7
105550,871350,0.78,7.389,7
105600,871400,0.773,7.352,7
105650,871450,0.766,7.303,7
105700,871500,0.766,7.257,7
105750,871550,0.767,7.242,7
105800,871600,0.767,7.24,7
105850,871650,0.768,7.234,7
105900,871700,0.768,7.22,7
105950,871750,0.769,7.204,7
106000,871800,0.771,7.173,7
106050,871850,0.774,7.129,7
106100,871900,0.777,7.081,7
106150,871950,0.778,7.047,7
106200,872000,0.78,7.026,7
106250,872050,0.78,7.019,7
106300,872100,0.78,7.016,7
106350,872150,0.781,7.013,7
106400,872200,0.781,7.012,7
106450,872250,0.781,7.011,7
106500,872300,0.781,7.01,7
106550,872350,0.781,7.009,7
106600,872400,0.781,7.003,7
106650,872450,0.782,6.999,7
106700,872500,0.782,6.998,7
106750,872550,0.782,6.997,7
106800,872600,0.782,6.995,7
106850,872650,0.782,6.994,7
106900,872700,0.782,6.993,7
106950,872750,0.782,6.992,7
107000,872800,0.782,6.992,7
107050,872850,0.782,6.992,7
107100,872900,0.782,6.992,7
107150,872950,0.782,6.992,7
107200,873000,0.782,6.992,7
107250,873050,0.782,6.992,7
107300,873100,0.782,6.992,7
107350,873150,0.782,6.992,7
107400,873200,0.782,6.992,7
107450,873250,0.782,6.992,7
107500,873300,0.782,6.992,7
107550,873350,0.782,6.992,7
107600,873400,0.782,6.992,7
107650,873450,0.782,6.992,7
107700,873500,0.782,6.992,7
107750,873550,0.782,6.992,7
107800,873600,0.782,6.992,7
107850,873650,0.782,6.992,7
107900,873700,0.782,6.992,7
107950,873750,0.782,6.992,7
108000,873800,0.782,6.992,7
108050,873850,0.782,6.992,7
108100,873900,0.782,6.992,7
108150,873950,0.782,6.992,7
108200,874000,0.782,6.992,7
108250,874050,0.782,6.992,7
108300,874100,0.782,6.992,7
108350,874150,0.782,6.992,7
108400,874200,0.782,6.992,7
108450,874250,0.782,6.992,7
108500,874300,0.782,6.991,7
108550,874350,0.783,6.981,7
108600,874400,0.799,6.969,7
108650,874450,0.808,6.96,7
108700,874500,0.811,6.958,7
108750,874550,0.812,6.958,7
108800,874600,0.812,6.958,7
108850,874650,0.812,6.958,7
108900,874700,0.812,6.958,7
108950,874750,0.817,6.957,7
109000,874800,0.819,6.957,7
109050,874850,0.822,6.957,7
109100,874900,0.823,6.957,7
109150,874950,0.829,6.956,7
109200,875000,0.832,6.956,7
109250,875050,0.835,6.956,7
109300,875100,0.836,6.956,7
109350,875150,0.841,6.956,7
109400,875200,0.87,6.951,7
109450,875250,0.938,6.929,7
109500,875300,1.001,6.905,7
109550,875350,1.054,6.885,7
109600,875400,1.059,6.883,7
109650,875450,1.059,6.883,7
109700,875500,1.059,6.883,7
109750,875550,1.059,6.883,7
109800,875600,1.059,6.883,7
109850,875650,1.057,6.883,7
109900,875700,1.043,6.884,7
109950,875750,1.022,6.885,7
110000,875800,0.939,6.895,7
110050,875850,0.733,6.971,7
110100,875900,0.549,7.088,7
110150,875950,0.5,7.18,7
110200,876000,0.5,7.218,7
110250,876050,0.5,7.233,7
110300,876100,0.5,7.255,7
110350,876150,0.5,7.293,7
110400,876200,0.5,7.319,7
110450,876250,0.5,7.325,7
110500,876300,0.5,7.325,7
110550,876350,0.5,7.325,7
110600,876400,0.5,7.325,7
110650,876450,0.5,7.325,7
110700,876500,0.5,7.325,7
110750,876550,0.5,7.325,7
110800,876600,0.5,7.325,7
110850,876650,0.5,7.325,7
110900,876700,0.5,7.325,7
110950,876750,0.5,7.325,7
111000,876800,0.5,7.325,7
111050,876850,0.5,7.325,7
111100,876900,0.5,7.326,7
111150,876950,0.5,7.332,7
111200,877000,0.5,7.384,7
111250,877050,0.5,7.472,7
111300,877100,0.5,7.504,7
111350,877150,0.5,7.504,7
111400,877200,0.5,7.504,7
111450,877250,0.5,7.504,7
111500,877300,0.5,7.508,7
111550,877350,0.5,7.513,7
111600,877400,0.5,7.516,7
111650,877450,0.5,7.516,7
111700,877500,0.5,7.516,7
111750,877550,0.5,7.516,7
111800,877600,0.5,7.501,7
111850,877650,0.5,7.472,7
111900,877700,0.5,7.452,7
111950,877750,0.5,7.444,7
112000,877800,0.5,7.439,7
112050,877850,0.5,7.436,7
112100,877900,0.5,7.436,7
112150,877950,0.5,7.435,7
112200,878000,0.5,7.434,7
112250,878050,0.5,7.434,7
112300,878100,0.5,7.434,7
112350,878150,0.5,7.434,7
112400,878200,0.5,7.434,7
112450,878250,0.5,7.434,7
112500,878300,0.5,7.434,7
112550,878350,0.5,7.434,7
112600,878400,0.5,7.434,7
112650,878450,0.5,7.434,7
112700,878500,0.5,7.434,7
112750,878550,0.5,7.434,7
112800,878600,0.5,7.434,7
112850,878650,0.5,7.434,7
112900,878700,0.5,7.434,7
112950,878750,0.5,7.434,7
113000,878800,0.5,7.434,7
113050,878850,0.5,7.434,7
113100,878900,0.5,7.433,7
113150,878950,0.5,7.433,7
113200,879000,0.5,7.432,7
113250,879050,0.5,7.432,7
113300,879100,0.5,7.431,7
113350,879150,0.5,7.431,7
113400,879200,0.5,7.428,7
113450,879250,0.5,7.426,7
113500,879300,0.5,7.426,7
113550,879350,0.5,7.426,7
113600,879400,0.5,7.426,7
113650,879450,0.5,7.426,7
113700,879500,0.5,7.426,7
113750,879550,0.5,7.426,7
113800,879600,0.5,7.426,7
113850,879650,0.5,7.426,7
113900,879700,0.5,7.426,7
113950,879750,0.5,7.426,7
114000,879800,0.5,7.426,7
114050,879850,0.5,7.426,7
114100,879900,0.5,7.426,7
114150,879950,0.5,7.426,7
114200,880000,0.5,7.427,7
114250,880050,0.5,7.427,7
114300,880100,0.5,7.406,7
114350,880150,0.5,7.37,7
114400,880200,0.5,7.335,7
114450,880250,0.5,7.319,7
114500,880300,0.5,7.316,7
114550,880350,0.5,7.312,7
114600,880400,0.5,7.309,7
114650,880450,0.5,7.309,7
114700,880500,0.5,7.309,7
114750,880550,0.5,7.309,7
114800,880600,0.5,7.309,7
114850,880650,0.5,7.309,7
114900,880700,0.5,7.309,7
114950,880750,0.5,7.309,7
115000,880800,0.5,7.309,7
115050,880850,0.5,7.309,7
115100,880900,0.5,7.306,7
115150,880950,0.5,7.326,7
115200,881000,0.5,6.709,7
115250,881050,0.5,6.313,7
115300,881100,0.5,5.464,7
115350,881150,0.5,5.311,7
115400,881200,0.5,5.106,7
115450,881250,0.5,4.935,7
115500,881300,0.5,5.718,7
115550,881350,0.5,6.623,7
115600,881400,0.5,8.603,7
115650,881450,0.523,9.5,7
115700,881500,0.512,9.5,7
115750,881550,0.5,9.5,7
115800,881600,0.5,9.5,7
115850,881650,0.5,9.5,7
115900,881700,0.5,9.5,7
115950,881750,0.5,9.5,7
116000,881800,0.5,9.5,7
116050,881850,0.5,9.5,7
116100,881900,0.5,9.5,7
116150,881950,0.5,9.5,7
116200,882000,0.5,9.5,7
116250,882050,0.5,9.5,7
116300,882100,0.57,9.5,7
116350,882150,0.607,9.5,7
116400,882200,0.537,9.5,7
116450,882250,0.5,9.5,7
116500,882300,0.5,9.5,7
116550,882350,0.5,9.5,7
116600,882400,0.5,9.5,7
116650,882450,0.5,9.5,7
116700,882500,0.5,9.5,7
116750,882550,0.5,9.5,7
116800,882600,0.5,9.5,7
116850,882650,0.5,9.5,7
116900,882700,0.5,9.5,7
116950,882750,0.5,9.5,7
117000,882800,0.5,9.5,7
117050,882850,0.5,9.5,7
117100,882900,0.5,9.5,7
117150,882950,0.5,9.5,7
117200,883000,0.5,9.5,7
117250,883050,0.5,9.5,7
117300,883100,0.5,9.5,7
117350,883150,0.5,9.5,7
117400,883200,0.5,9.5,7
117450,883250,0.5,9.5,7
117500,883300,0.5,9.5,7
117550,883350,0.5,9.5,7
117600,883400,0.5,9.5,7
117650,883450,0.5,9.5,7
117700,883500,0.5,9.5,7
117750,883550,0.5,9.5,7
117800,883600,0.5,9.5,7
117850,883650,0.5,9.5,7
117900,883700,0.5,9.5,7
117950,883750,0.5,9.5,7
118000,883800,0.5,9.5,7
118050,883850,0.5,9.5,7
118100,883900,0.5,9.5,7
118150,883950,0.5,9.5,7
118200,884000,0.5,9.5,7
118250,884050,0.5,9.5,7
118300,884100,0.5,9.5,7
118350,884150,0.5,9.5,7
118400,884200,0.5,9.5,7
118450,884250,0.5,9.5,7
118500,884300,0.5,9.5,7
118550,884350,0.5,9.5,7
118600,884400,0.5,9.5,7
118650,884450,0.5,9.5,7
118700,884500,0.5,9.5,7
118750,884550,0.5,9.5,7
118800,884600,0.5,9.5,7
118850,884650,0.5,9.5,7
118900,884700,0.5,9.5,7
118950,884750,0.5,9.5,7
119000,884800,0.5,9.5,7
119050,884850,0.5,9.5,7
119100,884900,0.5,9.5,7
119150,884950,0.5,9.5,7
119200,885000,0.5,9.5,7
119250,885050,0.5,9.5,7
119300,885100,0.5,9.5,7
119350,885150,0.5,9.5,7
119400,885200,0.5,9.5,7
119450,885250,0.5,9.5,7
119500,885300,0.5,9.5,7
119550,885350,0.5,9.5,7
119600,885400,0.5,9.5,7
119650,885450,0.5,9.5,7
119700,885500,0.5,9.5,7
119750,885550,0.5,9.5,7
119800,885600,0.5,9.5,7
119850,885650,0.5,9.5,7
119900,885700,0.5,9.497,7
119950,885750,0.508,9.465,7
120000,885800,0.534,9.415,7
120050,885850,0.561,9.374,7
120100,885900,0.582,9.328,7
120150,885950,0.593,9.29,7
120200,886000,0.601,9.255,7
120250,886050,0.606,9.23,7
120300,886100,0.607,9.211,7
120350,886150,0.608,9.2,7
120400,886200,0.608,9.19,7
120450,886250,0.609,9.179,7
120500,886300,0.61,9.163,7
120550,886350,0.611,9.151,7
120600,886400,0.612,9.138,7
120650,886450,0.613,9.118,7
120700,886500,0.618,9.086,7
120750,886550,0.622,9.054,7
120800,886600,0.623,9.033,7
120850,886650,0.624,9.028,7
120900,886700,0.624,9.028,7
120950,886750,0.624,9.028,7
121000,886800,0.624,9.028,7
121050,886850,0.624,9.028,7
121100,886900,0.624,9.028,7
121150,886950,0.624,9.028,7
121200,887000,0.624,9.028,7
121250,887050,0.624,9.028,7
121300,887100,0.624,9.028,7
121350,887150,0.624,9.028,7
121400,887200,0.624,9.028,7
121450,887250,0.624,9.028,7
121500,887300,0.624,9.028,7
121550,887350,0.633,9.027,7
121600,887400,0.641,9.026,7
121650,887450,0.643,9.026,7
121700,887500,0.643,9.026,7
121750,887550,0.645,9.026,7
121800,887600,0.647,9.026,7
121850,887650,0.648,9.026,7
121900,887700,0.648,9.026,7
121950,887750,0.648,9.026,7
122000,887800,0.626,9.029,7
122050,887850,0.57,9.046,7
122100,887900,0.516,9.09,7
122150,887950,0.5,9.152,7
122200,888000,0.5,9.188,7
122250,888050,0.5,9.195,7
122300,888100,0.5,9.195,7
122350,888150,0.5,9.195,7
122400,888200,0.5,9.201,7
122450,888250,0.5,9.218,7
122500,888300,0.5,9.267,7
122550,888350,0.5,9.383,7
122600,888400,0.5,9.476,7
122650,888450,0.5,9.5,7
122700,888500,0.5,9.5,7
122750,888550,0.5,9.5,7
122800,888600,0.5,9.5,7
122850,888650,0.5,9.5,7
122900,888700,0.5,9.5,7
122950,888750,0.5,9.5,7
123000,888800,0.5,9.5,7
123050,888850,0.5,9.5,7
123100,888900,0.5,9.5,7
123150,888950,0.5,9.5,7
123200,889000,0.5,9.5,7
123250,889050,0.5,9.5,7
123300,889100,0.5,9.5,7
123350,889150,0.5,9.5,7
123400,889200,0.5,9.5,7
123450,889250,0.5,9.5,7
123500,889300,0.5,9.5,7
123550,889350,0.5,9.5,7
123600,889400,0.5,9.5,7
123650,889450,0.5,9.5,7
123700,889500,0.5,9.5,7
123750,889550,0.5,9.5,7
123800,889600,0.5,9.5,7
123850,889650,0.5,9.5,7
123900,889700,0.5,9.5,7
123950,889750,0.5,9.5,7
124000,889800,0.5,9.5,7
124050,889850,0.5,9.5,7
124100,889900,0.5,9.5,7
124150,889950,0.5,9.5,7
124200,890000,0.5,9.5,7
124250,890050,0.5,9.5,7
124300,890100,0.5,9.5,7
124350,890150,0.5,9.5,7
124400,890200,0.5,9.5,7
124450,890250,0.5,9.5,7
124500,890300,0.5,9.5,7
124550,890350,0.5,9.5,7
124600,890400,0.5,9.5,7
124650,890450,0.5,9.5,7
124700,890500,0.5,9.5,7
124750,890550,0.5,9.5,7
124800,890600,0.5,9.5,7
124850,890650,0.5,9.5,7
124900,890700,0.5,9.5,7
124950,890750,0.5,9.5,7
125000,890800,0.5,9.5,7
125050,890850,0.5,9.5,7
125100,890900,0.5,9.5,7
125150,890950,0.5,9.5,7
125200,891000,0.5,9.5,7
125250,891050,0.5,9.5,7
125300,891100,0.5,9.5,7
125350,891150,0.5,9.5,7
125400,891200,0.5,9.5,7
125450,891250,0.5,9.5,7
125500,891300,0.5,9.5,7
125550,891350,0.5,9.5,7
125600,891400,0.5,9.5,7
125650,891450,0.5,9.5,7
125700,891500,0.5,9.5,7
125750,891550,0.5,9.5,7
125800,891600,0.5,9.5,7
125850,891650,0.5,9.5,7
125900,891700,0.5,9.5,7
125950,891750,0.5,9.5,7
126000,891800,0.5,9.5,7
126050,891850,0.5,9.5,7
126100,891900,0.5,9.5,7
126150,891950,0.5,9.5,7
126200,892000,0.5,9.5,7
126250,892050,0.5,9.5,7
126300,892100,0.5,9.5,7
126350,892150,0.5,9.5,7
126400,892200,0.5,9.5,7
126450,892250,0.5,9.5,7
126500,892300,0.5,9.5,7
126550,892350,0.5,9.5,7
126600,892400,0.5,9.5,7
126650,892450,0.5,9.5,7
126700,892500,0.5,9.5,7
126750,892550,0.5,9.5,7
126800,892600,0.5,9.5,7
126850,892650,0.5,9.5,7
126900,892700,0.5,9.5,7
126950,892750,0.5,9.5,7
127000,892800,0.5,9.5,7
127050,892850,0.5,9.5,7
127100,892900,0.5,9.5,7
127150,892950,0.5,9.5,7
127200,893000,0.5,9.5,7
127250,893050,0.5,9.5,7
127300,893100,0.5,9.5,7
127350,893150,0.5,9.5,7
127400,893200,0.5,9.5,7
127450,893250,0.5,9.5,7
127500,893300,0.5,9.5,7
127550,893350,0.5,9.5,7
127600,893400,0.5,9.5,7
127650,893450,0.5,9.5,7
127700,893500,0.5,9.5,7
127750,893550,0.5,9.5,7
127800,893600,0.5,9.5,7
127850,893650,0.5,9.5,7
127900,893700,0.5,9.5,7
127950,893750,0.5,9.5,7
128000,893800,0.5,9.5,7
128050,893850,0.5,9.5,7
128100,893900,0.5,9.5,7
128150,893950,0.5,9.5,7
128200,894000,0.5,9.5,7
128250,894050,0.5,9.5,7
128300,894100,0.5,9.5,7
128350,894150,0.5,9.5,7
128400,894200,0.5,9.5,7
128450,894250,0.5,9.5,7
128500,894300,0.5,9.5,7
128550,894350,0.5,9.5,7
128600,894400,0.5,9.5,7
128650,894450,0.5,9.5,7
128700,894500,0.5,9.5,7
128750,894550,0.5,9.5,7
128800,894600,0.5,9.5,7
128850,894650,0.5,9.5,7
128900,894700,0.5,9.5,7
128950,894750,0.5,9.5,7
129000,894800,0.5,9.5,7
129050,894850,0.5,9.5,7
129100,894900,0.5,9.5,7
129150,894950,0.5,9.5,7
129200,895000,0.5,9.5,7
129250,895050,0.5,9.5,7
129300,895100,0.5,9.5,7
129350,895150,0.5,9.5,7
129400,895200,0.5,9.5,7
129450,895250,0.5,9.5,7
129500,895300,0.5,9.5,7
129550,895350,0.5,9.5,7
129600,895400,0.5,9.5,7
129650,895450,0.5,9.5,7
129700,895500,0.5,9.5,7
129750,895550,0.5,9.5,7
129800,895600,0.5,9.5,7
129850,895650,0.5,9.5,7
129900,895700,0.5,9.5,7
129950,895750,0.5,9.5,7
130000,895800,0.5,9.5,7
130050,895850,0.5,9.5,7
130100,895900,0.5,9.5,7
130150,895950,0.5,9.5,7
130200,896000,0.5,9.5,7
130250,896050,0.5,9.5,7
130300,896100,0.5,9.5,7
130350,896150,0.5,9.5,7
130400,896200,0.5,9.5,7
130450,896250,0.5,9.5,7
130500,896300,0.5,9.5,7
130550,896350,0.5,9.5,7
130600,896400,0.5,9.5,7
130650,896450,0.5,9.5,7
130700,896500,0.5,9.5,7
130750,896550,0.5,9.5,7
130800,896600,0.5,9.5,7
130850,896650,0.5,9.5,7
130900,896700,0.5,9.5,7
130950,896750,0.5,9.5,7
131000,896800,0.5,9.5,7
131050,896850,0.5,9.5,7
131100,896900,0.5,9.5,7
131150,896950,0.5,9.5,7
131200,897000,0.5,9.5,7
131250,897050,0.5,9.5,7
131300,897100,0.5,9.5,7
131350,897150,0.5,9.5,7
131400,897200,0.5,9.5,7
131450,897250,0.5,9.5,7
131500,897300,0.5,9.5,7
131550,897350,0.5,9.5,7
131600,897400,0.5,9.5,7
131650,897450,0.5,9.5,7
131700,897500,0.5,9.5,7
131750,897550,0.5,9.5,7
131800,897600,0.5,9.5,7
131850,897650,0.5,9.5,7
131900,897700,0.5,9.5,7
131950,897750,0.5,9.5,7
132000,897800,0.5,9.5,7
132050,897850,0.5,9.5,7
132100,897900,0.5,9.5,7
132150,897950,0.5,9.5,7
132200,898000,0.5,9.5,7
132250,898050,0.5,9.5,7
132300,898100,0.5,9.5,7
132350,898150,0.5,9.5,7
132400,898200,0.5,9.5,7
132450,898250,0.5,9.5,7
132500,898300,0.5,9.5,7
132550,898350,0.5,9.5,7
132600,898400,0.5,9.5,7
132650,898450,0.5,9.5,7
132700,898500,0.5,9.5,7
132750,898550,0.5,9.5,7
132800,898600,0.5,9.5,7
132850,898650,0.5,9.5,7
132900,898700,0.5,9.5,7
132950,898750,0.5,9.5,7
133000,898800,0.5,9.5,7
133050,898850,0.5,9.5,7
133100,898900,0.5,9.5,7
133150,898950,0.5,9.5,7
133200,899000,0.5,9.5,7
133250,899050,0.5,9.5,7
133300,899100,0.5,9.5,7
133350,899150,0.5,9.5,7
133400,899200,0.5,9.5,7
133450,899250,0.5,9.5,7
133500,899300,0.5,9.5,7
133550,899350,0.5,9.5,7
133600,899400,0.5,9.5,7
133650,899450,0.5,9.5,7
133700,899500,0.5,9.5,7
133750,899550,0.5,9.5,7
133800,899600,0.5,9.5,7
133850,899650,0.5,9.5,7
133900,899700,0.5,9.5,7
133950,899750,0.5,9.5,7
134000,899800,0.5,9.5,7
134050,899850,0.5,9.5,7
134100,899900,0.5,9.5,7
134150,899950,0.5,9.5,7
134200,900000,0.5,9.5,7
134250,900050,0.5,9.5,7
134300,900100,0.5,9.5,7
134350,900150,0.5,9.5,7
134400,900200,0.5,9.5,7
134450,900250,0.5,9.5,7
134500,900300,0.5,9.5,7
134550,900350,0.5,9.5,7
134600,900400,0.5,9.5,7
134650,900450,0.5,9.5,7
134700,900500,0.5,9.5,7
134750,900550,0.5,9.5,7
134800,900600,0.5,9.5,7
134850,900650,0.5,9.5,7
134900,900700,0.5,9.5,7
134950,900750,0.5,9.5,7
135000,900800,0.5,9.5,7
135050,900850,0.5,9.5,7
135100,900900,0.5,9.5,7
135150,900950,0.5,9.5,7
135200,901000,0.5,9.5,7
135250,901050,0.5,9.5,7
135300,901100,0.5,9.5,7
135350,901150,0.5,9.5,7
135400,901200,0.5,9.5,7
135450,901250,0.5,9.5,7
135500,901300,0.5,9.5,7
135550,901350,0.5,9.5,7
135600,901400,0.5,9.5,7
135650,901450,0.5,9.5,7
135700,901500,0.5,9.5,7
135750,901550,0.5,9.5,7
135800,901600,0.5,9.5,7
135850,901650,0.5,9.5,7
135900,901700,0.5,9.5,7
135950,901750,0.5,9.5,7
136000,901800,0.5,9.5,7
136050,901850,0.5,9.5,7
136100,901900,0.5,9.5,7
136150,901950,0.5,9.5,7
136200,902000,0.5,9.5,7
136250,902050,0.5,9.5,7
136300,902100,0.5,9.5,7
136350,902150,0.5,9.5,7
136400,902200,0.5,9.5,7
136450,902250,0.5,9.5,7
136500,902300,0.5,9.5,7
136550,902350,0.5,9.5,7
136600,902400,0.5,9.5,7
136650,902450,0.5,9.5,7
136700,902500,0.5,9.5,7
136750,902550,0.5,9.5,7
136800,902600,0.5,9.5,7
136850,902650,0.5,9.5,7
136900,902700,0.5,9.5,7
136950,902750,0.5,9.5,7
137000,902800,0.5,9.5,7
137050,902850,0.5,9.5,7
137100,902900,0.5,9.5,7
137150,902950,0.5,9.5,7
137200,903000,0.5,9.5,7
137250,903050,0.5,9.5,7
137300,903100,0.5,9.5,7
137350,903150,0.5,9.5,7
137400,903200,0.5,9.5,7
137450,903250,0.5,9.5,7
137500,903300,0.5,9.5,7
137550,903350,0.5,9.5,7
137600,903400,0.5,9.5,7
137650,903450,0.5,9.5,7
137700,903500,0.5,9.5,7
137750,903550,0.5,9.5,7
137800,903600,0.5,9.5,7
137850,903650,0.5,9.5,7
137900,903700,0.5,9.5,7
137950,903750,0.5,9.5,7
138000,903800,0.5,9.5,7
138050,903850,0.5,9.5,7
138100,903900,0.5,9.5,7
138150,903950,0.5,9.5,7
138200,904000,0.5,9.5,7
138250,904050,0.5,9.5,7
138300,904100,0.5,9.5,7
138350,904150,0.5,9.5,7
138400,904200,0.5,9.5,7
138450,904250,0.5,9.5,7
138500,904300,0.5,9.5,7
138550,904350,0.5,9.5,7
138600,904400,0.5,9.5,7
138650,904450,0.5,9.5,7
138700,904500,0.5,9.5,7
138750,904550,0.5,9.5,7
138800,904600,0.5,9.5,7
138850,904650,0.5,9.5,7
138900,904700,0.5,9.5,7
138950,904750,0.5,9.5,7
139000,904800,0.5,9.5,7
139050,904850,0.5,9.5,7
139100,904900,0.5,9.5,7
139150,904950,0.5,9.5,7
139200,905000,0.5,9.5,7
139250,905050,0.5,9.5,7
139300,905100,0.5,9.5,7
139350,905150,0.5,9.5,7
139400,905200,0.5,9.5,7
139450,905250,0.5,9.5,7
139500,905300,0.5,9.5,7
139550,905350,0.5,9.5,7
139600,905400,0.5,9.5,7
139650,905450,0.5,9.5,7
139700,905500,0.5,9.5,7
139750,905550,0.5,9.5,7
139800,905600,0.5,9.5,7
139850,905650,0.5,9.5,7
139900,905700,0.5,9.5,7
139950,905750,0.5,9.5,7
140000,905800,0.5,9.5,7
140050,905850,0.5,9.5,7
140100,905900,0.5,9.5,7
140150,905950,0.5,9.5,7
140200,906000,0.5,9.5,7
140250,906050,0.5,9.5,7
140300,906100,0.5,9.5,7
140350,906150,0.5,9.5,7
140400,906200,0.5,9.5,7
140450,906250,0.5,9.5,7
140500,906300,0.5,9.5,7
140550,906350,0.5,9.5,7
140600,906400,0.5,9.5,7
140650,906450,0.5,9.5,7
140700,906500,0.5,9.5,7
140750,906550,0.5,9.5,7
140800,906600,0.5,9.5,7
140850,906650,0.5,9.5,7
140900,906700,0.5,9.5,7
140950,906750,0.5,9.5,7
141000,906800,0.5,9.5,7
141050,906850,0.5,9.5,7
141100,906900,0.5,9.5,7
141150,906950,0.5,9.5,7
141200,907000,0.5,9.5,7
141250,907050,0.5,9.5,7
141300,907100,0.5,9.5,7
141350,907150,0.5,9.5,7
141400,907200,0.5,9.5,7
141450,907250,0.5,9.5,7
141500,907300,0.5,9.5,7
141550,907350,0.5,9.5,7
141600,907400,0.5,9.5,7
141650,907450,0.5,9.5,7
141700,907500,0.5,9.5,7
141750,907550,0.5,9.5,7
141800,907600,0.5,9.5,7
141850,907650,0.5,9.5,7
141900,907700,0.5,9.5,7
141950,907750,0.5,9.5,7
142000,907800,0.5,9.5,7
142050,907850,0.5,9.5,7
142100,907900,0.5,9.5,7
142150,907950,0.5,9.5,7
142200,908000,0.5,9.5,7
142250,908050,0.5,9.5,7
142300,908100,0.5,9.5,7
142350,908150,0.5,9.5,7
142400,908200,0.5,9.5,7
142450,908250,0.5,9.5,7
142500,908300,0.5,9.5,7
142550,908350,0.5,9.5,7
142600,908400,0.5,9.5,7
142650,908450,0.5,9.5,7
142700,908500,0.5,9.5,7
142750,908550,0.5,9.5,7
142800,908600,0.5,9.5,7
142850,908650,0.5,9.5,7
142900,908700,0.5,9.5,7
142950,908750,0.5,9.5,7
143000,908800,0.5,9.5,7
143050,908850,0.5,9.5,7
143100,908900,0.5,9.5,7
143150,908950,0.5,9.5,7
143200,909000,0.5,9.5,7
143250,909050,0.5,9.5,7
143300,909100,0.5,9.5,7
143350,909150,0.5,9.5,7
143400,909200,0.5,9.5,7
143450,909250,0.5,9.5,7
143500,909300,0.5,9.5,7
143550,909350,0.5,9.5,7
143600,909400,0.5,9.5,7
143650,909450,0.5,9.5,7
143700,909500,0.5,9.5,7
143750,909550,0.5,9.5,7
143800,909600,0.5,9.5,7
143850,909650,0.5,9.5,7
143900,909700,0.5,9.5,7
143950,909750,0.5,9.5,7
144000,909800,0.5,9.5,7
144050,909850,0.5,9.5,7
144100,909900,0.5,9.5,7
144150,909950,0.5,9.5,7
144200,910000,0.5,9.5,7
144250,910050,0.5,9.5,7
144300,910100,0.5,9.5,7
144350,910150,0.5,9.5,7
144400,910200,0.5,9.5,7
144450,910250,0.5,9.5,7
144500,910300,0.5,9.5,7
144550,910350,0.5,9.5,7
144600,910400,0.5,9.5,7
144650,910450,0.5,9.5,7
144700,910500,0.5,9.5,7
144750,910550,0.5,9.5,7
144800,910600,0.5,9.5,7
144850,910650,0.5,9.5,7
144900,910700,0.5,9.5,7
144950,910750,0.5,9.5,7
145000,910800,0.5,9.5,7
145050,910850,0.5,9.5,7
145100,910900,0.5,9.5,7
145150,910950,0.5,9.5,7
145200,911000,0.5,9.5,7
145250,911050,0.5,9.5,7
145300,911100,0.5,9.5,7
145350,911150,0.5,9.5,7
145400,911200,0.5,9.5,7
145450,911250,0.5,9.5,7
145500,911300,0.5,9.5,7
145550,911350,0.5,9.5,7
145600,911400,0.5,9.5,7
145650,911450,0.5,9.5,7
145700,911500,0.5,9.5,7
145750,911550,0.5,9.5,7
145800,911600,0.5,9.5,7
145850,911650,0.5,9.5,7
145900,911700,0.5,9.5,7
145950,911750,0.5,9.5,7
146000,911800,0.5,9.5,7
146050,911850,0.5,9.5,7
146100,911900,0.5,9.5,7
146150,911950,0.5,9.5,7
146200,912000,0.5,9.5,7
146250,912050,0.5,9.5,7
146300,912100,0.5,9.5,7
146350,912150,0.5,9.5,7
146400,912200,0.5,9.5,7
146450,912250,0.5,9.5,7
146500,912300,0.5,9.5,7
146550,912350,0.5,9.5,7
146600,912400,0.5,9.5,7
146650,912450,0.5,9.5,7
146700,912500,0.5,9.5,7
146750,912550,0.501,9.5,7
146800,912600,0.629,9.5,7
146850,912650,0.753,9.5,7
146900,912700,0.641,9.5,7
146950,912750,0.523,9.5,7
147000,912800,0.5,9.5,7
147050,912850,0.5,9.5,7
147100,912900,0.5,9.5,7
147150,912950,0.5,9.5,7
147200,913000,0.5,9.5,7
147250,913050,0.5,9.5,7
147300,913100,0.5,9.5,7
147350,913150,0.5,9.5,7
147400,913200,0.5,9.5,7
147450,913250,0.5,9.5,7
147500,913300,0.5,9.5,7
147550,913350,0.567,9.5,7
147600,913400,0.602,9.5,7
147650,913450,0.602,9.5,7
147700,913500,0.602,9.5,7
147750,913550,0.537,9.5,7
147800,913600,0.501,9.5,7
147850,913650,0.5,9.5,7
147900,913700,0.5,9.5,7
147950,913750,0.5,9.5,7
148000,913800,0.5,9.5,7
148050,913850,0.584,9.5,7
148100,913900,0.904,9.5,7
148150,913950,1.29,9.5,7
148200,914000,1.59,9.5,7
148250,914050,1.752,9.5,7
148300,914100,1.793,9.5,7
148350,914150,1.797,9.5,7
148400,914200,1.823,9.5,7
148450,914250,1.852,9.472,7
148500,914300,1.879,9.329,7
148550,914350,1.875,9.102,7
148600,914400,1.811,8.916,7
148650,914450,1.72,8.771,7
148700,914500,1.685,8.685,7
148750,914550,1.665,8.63,7
148800,914600,1.657,8.56,7
148850,914650,1.659,8.524,7
148900,914700,1.659,8.52,7
148950,914750,1.659,8.52,7
149000,914800,1.659,8.52,7
149050,914850,1.655,8.547,7
149100,914900,1.635,8.65,7
149150,914950,1.616,8.837,7
149200,915000,1.59,9.009,7
149250,915050,1.52,9.135,7
149300,915100,1.48,9.229,7
149350,915150,1.42,9.38,7
149400,915200,1.375,9.481,7
149450,915250,1.367,9.5,7
149500,915300,1.368,9.5,7
149550,915350,1.367,9.5,7
149600,915400,1.322,9.5,7
149650,915450,1.281,9.5,7
149700,915500,1.28,9.5,7
149750,915550,1.313,9.5,7
149800,915600,1.328,9.5,7
149850,915650,1.325,9.5,7
149900,915700,1.323,9.5,7
149950,915750,1.177,9.5,7
150000,915800,1.212,9.5,7
150050,915850,1.273,9.5,7
150100,915900,1.273,9.5,7
150150,915950,1.277,9.5,7
150200,916000,1.316,9.5,7
150250,916050,1.407,9.5,7
150300,916100,1.527,9.5,7
150350,916150,1.785,9.5,7
150400,916200,2.068,9.5,7
150450,916250,2.38,9.5,7
150500,916300,2.684,9.5,7
150550,916350,2.843,9.5,7
150600,916400,2.876,9.5,7
150650,916450,2.876,9.5,7
150700,916500,2.86,9.5,7
150750,916550,2.848,9.5,7
150800,916600,2.794,9.5,7
150850,916650,2.503,9.5,7
150900,916700,2.241,9.5,7
150950,916750,2.172,9.5,7
151000,916800,2.169,9.5,7
151050,916850,2.211,9.5,7
151100,916900,2.309,9.5,7
151150,916950,2.38,9.5,7
151200,917000,2.396,9.5,7
151250,917050,2.396,9.5,7
151300,917100,2.373,9.5,7
151350,917150,2.266,9.5,7
151400,917200,1.85,9.5,7
151450,917250,1.09,9.5,7
151500,917300,0.6,9.5,7
151550,917350,0.5,9.5,7
151600,917400,0.5,9.5,7
151650,917450,0.5,9.5,7
151700,917500,0.5,9.5,7
151750,917550,0.5,9.5,7
151800,917600,0.5,9.5,7
151850,917650,0.5,9.5,7
151900,917700,0.5,9.5,7
151950,917750,0.5,9.5,7
152000,917800,0.5,9.5,7
152050,917850,0.5,9.5,7
152100,917900,0.5,9.5,7
152150,917950,0.5,9.5,7
152200,918000,0.5,9.5,7
152250,918050,0.5,9.5,7
152300,918100,0.5,9.5,7
152350,918150,0.5,9.5,7
152400,918200,0.5,9.5,7
152450,918250,0.5,9.5,7
152500,918300,0.5,9.5,7
152550,918350,0.5,9.5,7
152600,918400,0.5,9.5,7
152650,918450,0.5,9.5,7
152700,918500,0.5,9.5,7
152750,918550,0.5,9.5,7
152800,918600,0.5,9.5,7
152850,918650,0.5,9.5,7
152900,918700,0.5,9.5,7
152950,918750,0.5,9.5,7
153000,918800,0.5,9.5,7
153050,918850,0.5,9.5,7
153100,918900,0.5,9.5,7
153150,918950,0.5,9.5,7
153200,919000,0.5,9.5,7
153250,919050,0.5,9.5,7
153300,919100,0.5,9.5,7
153350,919150,0.5,9.5,7
153400,919200,0.5,9.5,7
153450,919250,0.5,9.5,7
153500,919300,0.5,9.5,7
153550,919350,0.5,9.5,7
153600,919400,0.5,9.5,7
153650,919450,0.5,9.5,7
153700,919500,0.5,9.5,7
153750,919550,0.5,9.5,7
153800,919600,0.5,9.5,7
153850,919650,0.5,9.5,7
153900,919700,0.5,9.5,7
153950,919750,0.5,9.5,7
154000,919800,0.5,9.5,7
154050,919850,0.5,9.5,7
154100,919900,0.5,9.5,7
154150,919950,0.5,9.5,7
154200,920000,0.5,9.5,7
154250,920050,0.5,9.5,7
154300,920100,0.5,9.5,7
154350,920150,0.5,9.5,7
154400,920200,0.5,9.5,7
154450,920250,0.5,9.5,7
154500,920300,0.5,9.5,7
154550,920350,0.5,9.5,7
154600,920400,0.5,9.5,7
154650,920450,0.5,9.5,7
154700,920500,0.5,9.5,7
154750,920550,0.5,9.5,7
154800,920600,0.5,9.5,7
154850,920650,0.5,9.5,7
154900,920700,0.5,9.5,7
154950,920750,0.5,9.5,7
155000,920800,0.5,9.5,7
155050,920850,0.5,9.5,7
155100,920900,0.5,9.5,7
155150,920950,0.5,9.5,7
155200,921000,0.5,9.5,7
155250,921050,0.5,9.5,7
155300,921100,0.5,9.5,7
155350,921150,0.5,9.5,7
155400,921200,0.5,9.5,7
155450,921250,0.5,9.5,7
155500,921300,0.5,9.5,7
155550,921350,0.5,9.5,7
155600,921400,0.5,9.5,7
155650,921450,0.5,9.5,7
155700,921500,0.5,9.5,7
155750,921550,0.5,9.5,7
155800,921600,0.5,9.5,7
155850,921650,0.5,9.5,7
155900,921700,0.5,9.5,7
155950,921750,0.5,9.5,7
156000,921800,0.5,9.5,7
156050,921850,0.5,9.5,7
156100,921900,0.5,9.5,7
156150,921950,0.5,9.5,7
156200,922000,0.5,9.5,7
156250,922050,0.5,9.5,7
156300,922100,0.5,9.5,7
156350,922150,0.5,9.5,7
156400,922200,0.5,9.5,7
156450,922250,0.5,9.5,7
156500,922300,0.5,9.5,7
156550,922350,0.5,9.5,7
156600,922400,0.5,9.5,7
156650,922450,0.5,9.5,7
156700,922500,0.5,9.5,7
156750,922550,0.5,9.5,7
156800,922600,0.5,9.5,7
156850,922650,0.5,9.5,7
156900,922700,0.5,9.5,7
156950,922750,0.5,9.5,7
157000,922800,0.5,9.5,7
157050,922850,0.5,9.5,7
157100,922900,0.5,9.5,7
157150,922950,0.5,9.5,7
157200,923000,0.5,9.5,7
157250,923050,0.5,9.5,7
157300,923100,0.5,9.5,7
157350,923150,0.5,9.5,7
