scary_1_start,scary_1_end,scary_2_start,scary_2_end
1030876,1227875,2187834,2331583
1061459,1205208,2134584,2331583
486626,683625,1921084,2064833
794709,938458,1829001,2026000
527084,724083,1347876,1491625
488251,632000,1325209,1522208
725293,922292,1921084,2064833
1030876,1227875,2187834,2331583
1061459,1205208,2134584,2331583
221501,365250,2134584,2331583
460168,657167,1347876,1491625
1061459,1205208,1829001,2026000
725293,922292,2187834,2331583
794709,938458,1325209,1522208
1030876,1227875,1921084,2064833
1061459,1205208,1869459,2066458
221501,418500,1347876,1491625
514584,658333,1869459,2066458
765751,962750,2187834,2331583
501626,645375,2134584,2331583
1030876,1227875,2187834,2331583
514584,658333,1325209,1522208
221501,418500,1347876,1491625
488251,632000,2134584,2331583
527084,724083,1907709,2051458
488251,632000,1829001,2026000
725293,922292,1921084,2064833
221501,365250,1829001,2026000
765751,962750,2187834,2331583
488251,632000,2134584,2331583
